{
  "text1": {
    "text-col1": {
      "heading": "Большой выбор товаров на любой вкус",
      "image": "image/shop.png",
      "paragraph": "В интернет-магазине Randewoo каждый может выбрать и купить парфюмерию, косметику или аксессуар. В нашем каталоге более 5000 брендов мужской, женской, детской косметики и парфюмерии, ароматов для дома и аксессуаров разных ценовых категорий, всего более 180 000 товаров. Кроме того, ассортимент постоянно пополняется! Мы выбираем надежных, проверенных поставщиков. Мы гарантируем подлинность товара, что подтверждается сертификатами."
    },
    "text-col2": {
      "heading": "Доставка по всей Беларуси и странам СНГ",
      "image": "image/dostavka.png",
      "paragraph": "У нас есть собственная служба доставки, которая работает в Минске, Минской Области. Срок доставки — 1-2 дня. Также вы можете оформить срочную доставку в течение 3 часов после подтверждения заказа. Интернет-магазин Randewoo даёт возможность купить товар и оформить доставку в любую точку Беларуси или страны СНГ, выбрав одну из доступных служб: Почта России, СДЭК, Boxberry, Беларусьпочта, EMS или другую. Сроки доставки — 5-14 дней в зависимости от города и выбранной службы."
    },
    "text-col3": {
      "heading": "Удобные и выгодные условия оплаты",
      "image": "image/money.png",
      "paragraph": "В интернет-магазине Randewoo вы можете купить товары любым удобным для вас способом: наличными при получении, банковской картой, электронными деньгами (ЕРИП, WebMoney, Яндекс.Деньги, Qiwi). Мы работаем без предоплаты и гарантируем безопасность платежей."
    }
  }
}
